id,word,l1,l2,l3,l4,l5,l6,l7
contact,contact,c,o,n,t,a,c,t
service,service,s,e,r,v,i,c,e
product,product,p,r,o,d,u,c,t
support,support,s,u,p,p,o,r,t
message,message,m,e,s,s,a,g,e
through,through,t,h,r,o,u,g,h
privacy,privacy,p,r,i,v,a,c,y
company,company,c,o,m,p,a,n,y
general,general,g,e,n,e,r,a,l
january,january,j,a,n,u,a,r,y
reviews,reviews,r,e,v,i,e,w,s
program,program,p,r,o,g,r,a,m
details,details,d,e,t,a,i,l,s
because,because,b,e,c,a,u,s,e
results,results,r,e,s,u,l,t,s
address,address,a,d,d,r,e,s,s
subject,subject,s,u,b,j,e,c,t
between,between,b,e,t,w,e,e,n
special,special,s,p,e,c,i,a,l
website,website,w,e,b,s,i,t,e
project,project,p,r,o,j,e,c,t
version,version,v,e,r,s,i,o,n
section,section,s,e,c,t,i,o,n
related,related,r,e,l,a,t,e,d
members,members,m,e,m,b,e,r,s
network,network,n,e,t,w,o,r,k
systems,systems,s,y,s,t,e,m,s
without,without,w,i,t,h,o,u,t
current,current,c,u,r,r,e,n,t
control,control,c,o,n,t,r,o,l
history,history,h,i,s,t,o,r,y
account,account,a,c,c,o,u,n,t
digital,digital,d,i,g,i,t,a,l
profile,profile,p,r,o,f,i,l,e
another,another,a,n,o,t,h,e,r
quality,quality,q,u,a,l,i,t,y
listing,listing,l,i,s,t,i,n,g
content,content,c,o,n,t,e,n,t
country,country,c,o,u,n,t,r,y
private,private,p,r,i,v,a,t,e
compare,compare,c,o,m,p,a,r,e
include,include,i,n,c,l,u,d,e
college,college,c,o,l,l,e,g,e
article,article,a,r,t,i,c,l,e
provide,provide,p,r,o,v,i,d,e
process,process,p,r,o,c,e,s,s
science,science,s,c,i,e,n,c,e
english,english,e,n,g,l,i,s,h
windows,windows,w,i,n,d,o,w,s
gallery,gallery,g,a,l,l,e,r,y
however,however,h,o,w,e,v,e,r
october,october,o,c,t,o,b,e,r
library,library,l,i,b,r,a,r,y
medical,medical,m,e,d,i,c,a,l
looking,looking,l,o,o,k,i,n,g
comment,comment,c,o,m,m,e,n,t
working,working,w,o,r,k,i,n,g
against,against,a,g,a,i,n,s,t
payment,payment,p,a,y,m,e,n,t
student,student,s,t,u,d,e,n,t
problem,problem,p,r,o,b,l,e,m
options,options,o,p,t,i,o,n,s
america,america,a,m,e,r,i,c,a
example,example,e,x,a,m,p,l,e
changes,changes,c,h,a,n,g,e,s
release,release,r,e,l,e,a,s,e
request,request,r,e,q,u,e,s,t
picture,picture,p,i,c,t,u,r,e
meeting,meeting,m,e,e,t,i,n,g
similar,similar,s,i,m,i,l,a,r
schools,schools,s,c,h,o,o,l,s
million,million,m,i,l,l,i,o,n
popular,popular,p,o,p,u,l,a,r
stories,stories,s,t,o,r,i,e,s
journal,journal,j,o,u,r,n,a,l
reports,reports,r,e,p,o,r,t,s
welcome,welcome,w,e,l,c,o,m,e
central,central,c,e,n,t,r,a,l
council,council,c,o,u,n,c,i,l
archive,archive,a,r,c,h,i,v,e
society,society,s,o,c,i,e,t,y
friends,friends,f,r,i,e,n,d,s
edition,edition,e,d,i,t,i,o,n
further,further,f,u,r,t,h,e,r
updated,updated,u,p,d,a,t,e,d
already,already,a,l,r,e,a,d,y
studies,studies,s,t,u,d,i,e,s
several,several,s,e,v,e,r,a,l
display,display,d,i,s,p,l,a,y
limited,limited,l,i,m,i,t,e,d
powered,powered,p,o,w,e,r,e,d
natural,natural,n,a,t,u,r,a,l
whether,whether,w,h,e,t,h,e,r
weather,weather,w,e,a,t,h,e,r
average,average,a,v,e,r,a,g,e
records,records,r,e,c,o,r,d,s
present,present,p,r,e,s,e,n,t
written,written,w,r,i,t,t,e,n
federal,federal,f,e,d,e,r,a,l
hosting,hosting,h,o,s,t,i,n,g
tickets,tickets,t,i,c,k,e,t,s
finance,finance,f,i,n,a,n,c,e
minutes,minutes,m,i,n,u,t,e,s
reading,reading,r,e,a,d,i,n,g
usually,usually,u,s,u,a,l,l,y
percent,percent,p,e,r,c,e,n,t
getting,getting,g,e,t,t,i,n,g
germany,germany,g,e,r,m,a,n,y
various,various,v,a,r,i,o,u,s
receive,receive,r,e,c,e,i,v,e
methods,methods,m,e,t,h,o,d,s
chapter,chapter,c,h,a,p,t,e,r
manager,manager,m,a,n,a,g,e,r
michael,michael,m,i,c,h,a,e,l
florida,florida,f,l,o,r,i,d,a
license,license,l,i,c,e,n,s,e
holiday,holiday,h,o,l,i,d,a,y
writing,writing,w,r,i,t,i,n,g
effects,effects,e,f,f,e,c,t,s
created,created,c,r,e,a,t,e,d
kingdom,kingdom,k,i,n,g,d,o,m
thought,thought,t,h,o,u,g,h,t
storage,storage,s,t,o,r,a,g,e
summary,summary,s,u,m,m,a,r,y
western,western,w,e,s,t,e,r,n
overall,overall,o,v,e,r,a,l,l
package,package,p,a,c,k,a,g,e
players,players,p,l,a,y,e,r,s
started,started,s,t,a,r,t,e,d
someone,someone,s,o,m,e,o,n,e
printer,printer,p,r,i,n,t,e,r
believe,believe,b,e,l,i,e,v,e
nothing,nothing,n,o,t,h,i,n,g
certain,certain,c,e,r,t,a,i,n
running,running,r,u,n,n,i,n,g
jewelry,jewelry,j,e,w,e,l,r,y
islands,islands,i,s,l,a,n,d,s
british,british,b,r,i,t,i,s,h
sellers,sellers,s,e,l,l,e,r,s
tuesday,tuesday,t,u,e,s,d,a,y
lesbian,lesbian,l,e,s,b,i,a,n
machine,machine,m,a,c,h,i,n,e
returns,returns,r,e,t,u,r,n,s
capital,capital,c,a,p,i,t,a,l
england,england,e,n,g,l,a,n,d
culture,culture,c,u,l,t,u,r,e
courses,courses,c,o,u,r,s,e,s
airport,airport,a,i,r,p,o,r,t
foreign,foreign,f,o,r,e,i,g,n
outside,outside,o,u,t,s,i,d,e
channel,channel,c,h,a,n,n,e,l
located,located,l,o,c,a,t,e,d
primary,primary,p,r,i,m,a,r,y
numbers,numbers,n,u,m,b,e,r,s
browser,browser,b,r,o,w,s,e,r
purpose,purpose,p,u,r,p,o,s,e
feature,feature,f,e,a,t,u,r,e
cameras,cameras,c,a,m,e,r,a,s
ratings,ratings,r,a,t,i,n,g,s
chicago,chicago,c,h,i,c,a,g,o
sources,sources,s,o,u,r,c,e,s
regular,regular,r,e,g,u,l,a,r
station,station,s,t,a,t,i,o,n
rentals,rentals,r,e,n,t,a,l,s
improve,improve,i,m,p,r,o,v,e
parents,parents,p,a,r,e,n,t,s
kitchen,kitchen,k,i,t,c,h,e,n
wedding,wedding,w,e,d,d,i,n,g
disease,disease,d,i,s,e,a,s,e
perfect,perfect,p,e,r,f,e,c,t
classic,classic,c,l,a,s,s,i,c
command,command,c,o,m,m,a,n,d
william,william,w,i,l,l,i,a,m
express,express,e,x,p,r,e,s,s
success,success,s,u,c,c,e,s,s
maximum,maximum,m,a,x,i,m,u,m
warning,warning,w,a,r,n,i,n,g
forward,forward,f,o,r,w,a,r,d
flowers,flowers,f,l,o,w,e,r,s
animals,animals,a,n,i,m,a,l,s
housing,housing,h,o,u,s,i,n,g
catalog,catalog,c,a,t,a,l,o,g
traffic,traffic,t,r,a,f,f,i,c
ireland,ireland,i,r,e,l,a,n,d
testing,testing,t,e,s,t,i,n,g
instead,instead,i,n,s,t,e,a,d
leading,leading,l,e,a,d,i,n,g
fitness,fitness,f,i,t,n,e,s,s
chinese,chinese,c,h,i,n,e,s,e
opinion,opinion,o,p,i,n,i,o,n
greater,greater,g,r,e,a,t,e,r
develop,develop,d,e,v,e,l,o,p
artists,artists,a,r,t,i,s,t,s
session,session,s,e,s,s,i,o,n
century,century,c,e,n,t,u,r,y
pacific,pacific,p,a,c,i,f,i,c
mailing,mailing,m,a,i,l,i,n,g
vehicle,vehicle,v,e,h,i,c,l,e
default,default,d,e,f,a,u,l,t
require,require,r,e,q,u,i,r,e
